{
    "configs": {
        "tableOfContent": "false",
        "mediaPrefix": "data/presentation-content/",
        "parallaxBackgrounds": [
            "images/wave.png",
            "images/hairBubbles.png"
        ]
    },

    "chapters": [
        {
            "chapter_no": "1",
            "first_slide": "1",
            "chapter_title": "Intro",
            "chapter_description": "Intro",
            "chapter_thumbnail": "chapter_1/thumbnail.jpg",
            "slides": [
                {
                    "slide_no": "1",
                    "slide_title": "Chapter 1 - Slide 1",
                    "vertical_scrollable": false,
                    "slide_thumb": "chapter_1/slide_1/thumbnail.jpg",
                    "slide_content": "chapter_1/slide_1/content.html",
                    "slide_notes": "chapter_1/slide_1/notes.html",
                    "related_docs_folder": "21296"
                }
            ]
        },
        {
            "chapter_no": "2",
            "first_slide": "2",
            "chapter_title": "Cost",
            "chapter_description": "Cost",
            "chapter_thumbnail": "chapter_2/thumbnail.jpg",
            "slides": [
                {
                    "slide_no": "2",
                    "slide_title": "Chapter 2 - Slide 2",
                    "vertical_scrollable": true,
                    "slide_thumb": "chapter_2/slide_2/thumbnail.jpg",
                    "slide_content": "chapter_2/slide_2/content.html",
                    "slide_notes": "chapter_2/slide_2/notes.html",
                    "related_docs_folder": "21295"
                },
                {
                    "slide_no": "3",
                    "slide_title": "Chapter 2 - Slide 3",
                    "vertical_scrollable": false,
                    "slide_thumb": "chapter_2/slide_3/thumbnail.jpg",
                    "slide_content": "chapter_2/slide_3/content.html",
                    "slide_notes": "chapter_2/slide_3/notes.html",
                    "related_docs_folder": "21297"
                },
                {
                    "slide_no": "4",
                    "slide_title": "Chapter 2 - Slide 4",
                    "vertical_scrollable": false,
                    "slide_thumb": "chapter_2/slide_4/thumbnail.jpg",
                    "slide_content": "chapter_2/slide_4/content.html",
                    "slide_notes": "chapter_2/slide_4/notes.html",
                    "related_docs_folder": "21298"
                }
            ]
        },

        {
            "chapter_no": "3",
            "first_slide": "5",
            "chapter_title": "Zinc Paste",
            "chapter_description": "Zinc Paste",
            "chapter_thumbnail": "chapter_3/thumbnail.jpg",
            "slides": [
            /*
                {
                    "slide_no": "5",
                    "slide_title": "Chapter 3 - Slide 5",
                    "vertical_scrollable": false,
                    "slide_thumb": "chapter_3/slide_5/thumbnail.jpg",
                    "slide_content": "chapter_3/slide_5/content.html",
                    "slide_notes": "chapter_3/slide_5/notes.html",
                    "related_docs_folder": "21299"
                },
            */
                {
                    "slide_no": "5",
                    "slide_title": "Chapter 3 - Slide 5",
                    "vertical_scrollable": false,
                    "slide_thumb": "chapter_3/slide_5/thumbnail.jpg",
                    "slide_content": "chapter_3/slide_5/content.html",
                    "slide_notes": "chapter_3/slide_5/notes.html",
                    "related_docs_folder": "21300"
                },
                {
                    "slide_no": "6",
                    "slide_title": "Chapter 3 - Slide 6",
                    "vertical_scrollable": true,
                    "slide_thumb": "chapter_3/slide_6/thumbnail.jpg",
                    "slide_content": "chapter_3/slide_6/content.html",
                    "slide_notes": "chapter_3/slide_6/notes.html",
                    "related_docs_folder": "21301"
                },
                {
                    "slide_no": "7",
                    "slide_title": "Chapter 3 - Slide 7",
                    "vertical_scrollable": false,
                    "slide_thumb": "chapter_3/slide_7/thumbnail.jpg",
                    "slide_content": "chapter_3/slide_7/content.html",
                    "slide_notes": "chapter_3/slide_7/notes.html",
                    "related_docs_folder": "21302"
                }
            ]
        },

        {
            "chapter_no": "4",
            "first_slide": "8",
            "chapter_title": "Traditional Practice",
            "chapter_description": "Traditional Practice",
            "chapter_thumbnail": "chapter_4/thumbnail.jpg",
            "slides": [
                {
                    "slide_no": "8",
                    "slide_title": "Chapter 4 - Slide 8",
                    "vertical_scrollable": false,
                    "slide_thumb": "chapter_4/slide_8/thumbnail.jpg",
                    "slide_content": "chapter_4/slide_8/content.html",
                    "slide_notes": "chapter_4/slide_8/notes.html",
                    "related_docs_folder": "21303"
                },
                {
                    "slide_no": "9",
                    "slide_title": "Chapter 4 - Slide 9",
                    "vertical_scrollable": false,
                    "slide_thumb": "chapter_4/slide_9/thumbnail.jpg",
                    "slide_content": "chapter_4/slide_9/content.html",
                    "slide_notes": "chapter_4/slide_9/notes.html",
                    "related_docs_folder": "21304"
                },
                {
                    "slide_no": "10",
                    "slide_title": "Chapter 4 - Slide 10",
                    "vertical_scrollable": true,
                    "slide_thumb": "chapter_4/slide_10/thumbnail.jpg",
                    "slide_content": "chapter_4/slide_10/content.html",
                    "slide_notes": "chapter_4/slide_10/notes.html",
                    "related_docs_folder": "21305"
                },
                {
                    "slide_no": "11",
                    "slide_title": "Chapter 4 - Slide 11",
                    "vertical_scrollable": false,
                    "slide_thumb": "chapter_4/slide_11/thumbnail.jpg",
                    "slide_content": "chapter_4/slide_11/content.html",
                    "slide_notes": "chapter_4/slide_11/notes.html",
                    "related_docs_folder": "21306"
                },
                {
                    "slide_no": "12",
                    "slide_title": "Chapter 4 - Slide 12",
                    "vertical_scrollable": true,
                    "slide_thumb": "chapter_4/slide_12/thumbnail.jpg",
                    "slide_content": "chapter_4/slide_12/content.html",
                    "slide_notes": "chapter_4/slide_12/notes.html",
                    "related_docs_folder": "21307"
                },
                {
                    "slide_no": "13",
                    "slide_title": "Chapter 4 - Slide 13",
                    "vertical_scrollable": true,
                    "slide_thumb": "chapter_4/slide_13/thumbnail.jpg",
                    "slide_content": "chapter_4/slide_13/content.html",
                    "slide_notes": "chapter_4/slide_13/notes.html",
                    "related_docs_folder": "21308"
                },
                {
                    "slide_no": "14",
                    "slide_title": "Chapter 4 - Slide 14",
                    "vertical_scrollable": false,
                    "slide_thumb": "chapter_4/slide_14/thumbnail.jpg",
                    "slide_content": "chapter_4/slide_14/content.html",
                    "slide_notes": "chapter_4/slide_14/notes.html",
                    "related_docs_folder": "21309"
                },
                {
                    "slide_no": "15",
                    "slide_title": "Chapter 4 - Slide 15",
                    "vertical_scrollable": false,
                    "slide_thumb": "chapter_4/slide_15/thumbnail.jpg",
                    "slide_content": "chapter_4/slide_15/content.html",
                    "slide_notes": "chapter_4/slide_15/notes.html",
                    "related_docs_folder": "21310"
                },
                {
                    "slide_no": "16",
                    "slide_title": "Chapter 4 - Slide 16",
                    "vertical_scrollable": false,
                    "slide_thumb": "chapter_4/slide_16/thumbnail.jpg",
                    "slide_content": "chapter_4/slide_16/content.html",
                    "slide_notes": "chapter_4/slide_16/notes.html",
                    "related_docs_folder": "21311"
                },
                {
                    "slide_no": "17",
                    "slide_title": "Chapter 4 - Slide 17",
                    "vertical_scrollable": true,
                    "slide_thumb": "chapter_4/slide_17/thumbnail.jpg",
                    "slide_content": "chapter_4/slide_17/content.html",
                    "slide_notes": "chapter_4/slide_17/notes.html",
                    "related_docs_folder": "21312"
                },
                {
                    "slide_no": "18",
                    "slide_title": "Chapter 4 - Slide 18",
                    "vertical_scrollable": true,
                    "slide_thumb": "chapter_4/slide_18/thumbnail.jpg",
                    "slide_content": "chapter_4/slide_18/content.html",
                    "slide_notes": "chapter_4/slide_18/notes.html",
                    "related_docs_folder": "21313"
                },
                {
                    "slide_no": "19",
                    "slide_title": "Chapter 4 - Slide 19",
                    "vertical_scrollable": true,
                    "slide_thumb": "chapter_4/slide_19/thumbnail.jpg",
                    "slide_content": "chapter_4/slide_19/content.html",
                    "slide_notes": "chapter_4/slide_19/notes.html",
                    "related_docs_folder": "21314"
                },
                {
                    "slide_no": "20",
                    "slide_title": "Chapter 4 - Slide 20",
                    "vertical_scrollable": false,
                    "slide_thumb": "chapter_4/slide_20/thumbnail.jpg",
                    "slide_content": "chapter_4/slide_20/content.html",
                    "slide_notes": "chapter_4/slide_20/notes.html",
                    "related_docs_folder": ""
                },
                {
                    "slide_no": "21",
                    "slide_title": "Chapter 4 - Slide 21",
                    "vertical_scrollable": false,
                    "slide_thumb": "chapter_4/slide_21/thumbnail.jpg",
                    "slide_content": "chapter_4/slide_21/content.html",
                    "slide_notes": "chapter_4/slide_21/notes.html",
                    "related_docs_folder": ""
                },
                {
                    "slide_no": "22",
                    "slide_title": "Chapter 4 - Slide 22",
                    "vertical_scrollable": false,
                    "slide_thumb": "chapter_4/slide_22/thumbnail.jpg",
                    "slide_content": "chapter_4/slide_22/content.html",
                    "slide_notes": "chapter_4/slide_22/notes.html",
                    "related_docs_folder": "21316"
                }
            ]
        },

        {
            "chapter_no": "5",
            "first_slide": "23",
            "chapter_title": "Safe Compression",
            "chapter_description": "Safe Compression",
            "chapter_thumbnail": "chapter_5/thumbnail.jpg",
            "slides": [
                {
                    "slide_no": "23",
                    "slide_title": "Chapter 5 - Slide 23",
                    "vertical_scrollable": false,
                    "slide_thumb": "chapter_5/slide_23/thumbnail.jpg",
                    "slide_content": "chapter_5/slide_23/content.html",
                    "slide_notes": "chapter_5/slide_23/notes.html",
                    "related_docs_folder": ""
                },
                {
                    "slide_no": "24",
                    "slide_title": "Chapter 5 - Slide 24",
                    "vertical_scrollable": false,
                    "slide_thumb": "chapter_5/slide_24/thumbnail.jpg",
                    "slide_content": "chapter_5/slide_24/content.html",
                    "slide_notes": "chapter_5/slide_24/notes.html",
                    "related_docs_folder": "21322"
                }
            ]
        },

        {
            "chapter_no": "6",
            "first_slide": "25",
            "chapter_title": "Wound Healing Capabilities",
            "chapter_description": "Wound Healing Capabilities",
            "chapter_thumbnail": "chapter_6/thumbnail.jpg",
            "slides": [
                {
                    "slide_no": "25",
                    "slide_title": "Chapter 6 - Slide 25",
                    "vertical_scrollable": true,
                    "slide_thumb": "chapter_6/slide_25/thumbnail.jpg",
                    "slide_content": "chapter_6/slide_25/content.html",
                    "slide_notes": "chapter_6/slide_25/notes.html",
                    "related_docs_folder": "21317"
                },
                {
                    "slide_no": "26",
                    "slide_title": "Chapter 6 - Slide 26",
                    "vertical_scrollable": false,
                    "slide_thumb": "chapter_6/slide_26/thumbnail.jpg",
                    "slide_content": "chapter_6/slide_26/content.html",
                    "slide_notes": "chapter_6/slide_26/notes.html",
                    "related_docs_folder": "21318"
                },
                {
                    "slide_no": "27",
                    "slide_title": "Chapter 6 - Slide 27",
                    "vertical_scrollable": false,
                    "slide_thumb": "chapter_6/slide_27/thumbnail.jpg",
                    "slide_content": "chapter_6/slide_27/content.html",
                    "slide_notes": "chapter_6/slide_27/notes.html",
                    "related_docs_folder": "21319"
                },
                {
                    "slide_no": "28",
                    "slide_title": "Chapter 6 - Slide 28",
                    "vertical_scrollable": false,
                    "slide_thumb": "chapter_6/slide_28/thumbnail.jpg",
                    "slide_content": "chapter_6/slide_28/content.html",
                    "slide_notes": "chapter_6/slide_28/notes.html",
                    "related_docs_folder": "21320"
                },
                {
                    "slide_no": "29",
                    "slide_title": "Chapter 6 - Slide 29",
                    "vertical_scrollable": false,
                    "slide_thumb": "chapter_6/slide_29/thumbnail.jpg",
                    "slide_content": "chapter_6/slide_29/content.html",
                    "slide_notes": "chapter_6/slide_29/notes.html",
                    "related_docs_folder": "21321"
                }
            ]
        }
    ]
}